agent_id,experiment,n_runs,agent_honest_rate,agent_decision_mean,agent_decision_sd,abs_deviation_mean,agent_reason_money_rate,agent_reason_consistency_rate,agent_reason_rules_rate,agent_reason_fairness_rate,agent_reason_intuition_rate,reason_capture_rate,reason_false_positive_rate,reasoning_alignment_score,human_honest,human_report,roll
26,001,10,1,1,0,0,0.8,1,0,0,0,NA,0.36,NA,TRUE,1,1
27,001,10,1,2,0,0,0.7,1,0.1,0.6,0,0.1,0.575,-0.475,TRUE,2,2
29,001,10,1,1,0,0,0,1,0.1,0.2,0,0.15000000000000002,0.3333333333333333,-0.1833333333333333,TRUE,1,1
30,001,10,1,2,0,0,0.9,1,0,0.1,0,0.1,0.475,-0.375,TRUE,2,2
31,001,10,1,5,0,0,0.9,0.9,0.2,0.1,0,0.1,0.5,-0.4,TRUE,5,5
32,001,10,1,1,0,0,0.1,1,0,0.2,0,0,0.325,-0.325,FALSE,3,1
33,001,10,1,5,0,0,0.5,1,0.1,0,0,0.05,0.5,-0.45,TRUE,5,5
35,001,10,1,1,0,0,0.5,1,0.6,0,0,0.25,0.5333333333333333,-0.2833333333333333,FALSE,5,1
36,001,10,1,3,0,0,0.6,1,0,0.3,0,0.43333333333333335,0.3,0.13333333333333336,TRUE,3,3
38,001,10,1,4,0,0,0.8,1,0.1,0,0,0.05,0.6,-0.5499999999999999,TRUE,4,4
40,001,10,1,2,0,0,0.9,1,0.4,0.1,0,0.5,0.4666666666666667,0.033333333333333326,FALSE,5,2
42,001,10,1,3,0,0,0.9,1,0,0,0,0.9,0.25,0.65,FALSE,5,3
43,001,10,1,4,0,0,0,1,0,0.6,0,0.3,0.3333333333333333,-0.033333333333333326,TRUE,4,4
44,001,10,1,2,0,0,0.9,1,0,0,0,0,0.6333333333333333,-0.6333333333333333,TRUE,2,2
45,001,10,1,4,0,0,0.6,1,0,0.4,0,0.5,0.3333333333333333,0.16666666666666669,TRUE,4,4
46,001,10,1,3,0,0,0.7,1,0,0.8,0,0.7,0.45,0.24999999999999994,FALSE,5,3
47,001,10,1,3,0,0,0.7,1,0,0.4,0,0.4666666666666667,0.35,0.1166666666666667,TRUE,3,3
48,001,10,1,2,0,0,0.3,1,0,0.8,0,0,0.525,-0.525,TRUE,2,2
49,001,10,1,5,0,0,0.7,1,0.1,0,0,0.05,0.5666666666666667,-0.5166666666666666,TRUE,5,5
50,001,10,1,2,0,0,0.8,1,0.1,0,0,0.6333333333333333,0,0.6333333333333333,TRUE,2,2
51,001,10,1,1,0,0,0.1,1,0,0.9,0,0.1,0.475,-0.375,FALSE,5,1
52,001,10,1,4,0,0,0.7,0.9,0.1,0.2,0,0.1,0.45,-0.35,TRUE,4,4
54,001,10,1,4,0,0,0.2,1,0.2,0.6,0,0.6,0.1,0.5,FALSE,5,4
55,001,10,1,5,0,0,0.9,1,0,0.1,0,0.5,0,0.5,TRUE,5,5
56,001,10,0,5,0,5,0.7,0.3,0.1,0.1,0,0.1,0.3333333333333333,-0.2333333333333333,TRUE,0,0
57,001,10,1,3,0,0,0.1,1,0,0.5,0,0.25,0.3666666666666667,-0.1166666666666667,TRUE,3,3
26,002,10,1,1,0,0,1,1,0.2,0,0,NA,0.44,NA,TRUE,1,1
27,002,10,1,2,0,0,1,1,0.3,0,0,0.3,0.5,-0.2,TRUE,2,2
29,002,10,1,1,0,0,1,1,0.1,0,0,0.05,0.6666666666666666,-0.6166666666666666,TRUE,1,1
30,002,10,1,2,0,0,0.9,1,0.3,0.1,0,0.1,0.55,-0.45000000000000007,TRUE,2,2
31,002,10,1,5,0,0,1,0.9,0.3,0,0,0,0.55,-0.55,TRUE,5,5
32,002,10,1,1,0,0,0.9,1,0.3,0,0,0,0.55,-0.55,FALSE,3,1
33,002,10,1,5,0,0,1,1,0.4,0.1,0,0.25,0.6666666666666666,-0.41666666666666663,TRUE,5,5
35,002,10,1,1,0,0,1,1,0.2,0,0,0.5,0.4,0.09999999999999998,FALSE,5,1
36,002,10,1,3,0,0,1,1,0,0,0,0.3333333333333333,0.5,-0.16666666666666669,TRUE,3,3
38,002,10,1,4,0,0,1,1,0.5,0,0,0.25,0.6666666666666666,-0.41666666666666663,TRUE,4,4
40,002,10,1,2,0,0,1,1,0,0,0,0.5,0.3333333333333333,0.16666666666666669,FALSE,5,2
42,002,10,0.9,3.2,0.6324555320336759,0.2,1,1,0.1,0,0,1,0.275,0.725,FALSE,5,3
43,002,10,1,4,0,0,1,1,0.7,0,0,0.35,0.6666666666666666,-0.31666666666666665,TRUE,4,4
44,002,10,1,2,0,0,0.9,0.9,0.4,0,0,0.2,0.6,-0.39999999999999997,TRUE,2,2
45,002,10,1,4,0,0,0.9,1,0.1,0,0,0.55,0.3,0.25000000000000006,TRUE,4,4
46,002,10,1,3,0,0,1,1,0.3,0,0,1,0.325,0.675,FALSE,5,3
47,002,10,1,3,0,0,1,0.9,0.3,0,0,0.4,0.5,-0.09999999999999998,TRUE,3,3
48,002,10,1,2,0,0,1,0.9,0.5,0,0,0.5,0.475,0.025000000000000022,TRUE,2,2
49,002,10,1,5,0,0,1,1,0,0,0,0,0.6666666666666666,-0.6666666666666666,TRUE,5,5
50,002,10,1,2,0,0,1,1,0.1,0,0,0.7,0,0.7,TRUE,2,2
51,002,10,1,1,0,0,0.9,1,0.3,0,0,0.9,0.325,0.575,FALSE,5,1
52,002,10,0.9,4.1,0.31622776601683794,0.1,1,0.9,0.1,0.1,0,0.1,0.5,-0.4,TRUE,4,4
54,002,10,1,4,0,0,1,1,0.3,0,0,0.43333333333333335,0.5,-0.06666666666666665,FALSE,5,4
55,002,10,1,5,0,0,1,1,0.5,0.1,0,0.525,0.5,0.025000000000000022,TRUE,5,5
56,002,10,0,5,0,5,1,0.1,0.3,0,0,0.15,0.3666666666666667,-0.2166666666666667,TRUE,0,0
57,002,10,1,3,0,0,1,1,0.3,0,0,0.15,0.6666666666666666,-0.5166666666666666,TRUE,3,3
26,003,10,1,1,0,0,0.7,1,0.3,0.2,0,NA,0.44,NA,TRUE,1,1
27,003,10,1,2,0,0,0.9,1,0.2,0.2,0,0.2,0.525,-0.325,TRUE,2,2
29,003,10,1,1,0,0,0.8,1,0.2,0,0,0.1,0.6,-0.5,TRUE,1,1
30,003,10,0.9,2.3,0.9486832980505138,0.3,1,1,0.2,0.1,0,0.1,0.55,-0.45000000000000007,TRUE,2,2
31,003,10,1,5,0,0,1,1,0,0,0,0,0.5,-0.5,TRUE,5,5
32,003,10,1,1,0,0,1,1,0.2,0,0,0,0.55,-0.55,FALSE,3,1
33,003,10,1,5,0,0,0.9,1,0.4,0,0,0.2,0.6333333333333333,-0.4333333333333333,TRUE,5,5
35,003,10,0.9,1.4,1.2649110640673518,0.4,0.6,0.9,0.5,0,0,0.3,0.4666666666666667,-0.16666666666666669,FALSE,5,1
36,003,10,1,3,0,0,0.4,1,0.2,0.3,0,0.5,0.2,0.3,TRUE,3,3
38,003,10,1,4,0,0,0.6,1,0.1,0.1,0,0.1,0.5333333333333333,-0.43333333333333335,TRUE,4,4
40,003,10,1,2,0,0,0.7,1,0.5,0.1,0,0.39999999999999997,0.5,-0.10000000000000003,FALSE,5,2
42,003,10,0.1,4.8,0.6324555320336759,1.8,1,0.2,0,0,0,1,0.05,0.95,FALSE,5,3
43,003,10,1,4,0,0,0.7,1,0.4,0.2,0,0.30000000000000004,0.5666666666666667,-0.2666666666666666,TRUE,4,4
44,003,10,1,2,0,0,0.5,1,0.3,0.3,0,0.15,0.6,-0.44999999999999996,TRUE,2,2
45,003,10,1,4,0,0,0.9,1,0.4,0.2,0,0.7,0.3666666666666667,0.33333333333333326,TRUE,4,4
46,003,10,1,3,0,0,0.8,1,0,0.1,0,0.8,0.275,0.525,FALSE,5,3
47,003,10,1,3,0,0,0.8,1,0,0.1,0,0.3666666666666667,0.4,-0.033333333333333326,TRUE,3,3
48,003,10,1,2,0,0,0.8,1,0,0.2,0,0,0.5,-0.5,TRUE,2,2
49,003,10,1,5,0,0,1,1,0,0,0,0,0.6666666666666666,-0.6666666666666666,TRUE,5,5
50,003,10,1,2,0,0,0.8,1,0.3,0.2,0,0.7,0.1,0.6,TRUE,2,2
51,003,10,0.3,3.8,1.9321835661585918,2.8,1,0.7,0,0.1,0,1,0.19999999999999998,0.8,FALSE,5,1
52,003,10,1,4,0,0,0.8,1,0.2,0,0,0.2,0.45,-0.25,TRUE,4,4
54,003,10,1,4,0,0,0.7,1,0.4,0.2,0,0.5333333333333333,0.35,0.18333333333333335,FALSE,5,4
55,003,10,1,5,0,0,1,1,0.4,0,0,0.5,0.4,0.09999999999999998,TRUE,5,5
56,003,10,0,3.8,1.9321835661585918,3.8,0.6,1,0.3,0.2,0,0.25,0.5333333333333333,-0.2833333333333333,TRUE,0,0
57,003,10,1,3,0,0,0.9,1,0.2,0.1,0,0.15000000000000002,0.6333333333333333,-0.4833333333333333,TRUE,3,3
26,004,10,1,1,0,0,0.7,1,0,0,0,NA,0.33999999999999997,NA,TRUE,1,1
27,004,10,1,2,0,0,0.5,1,0.3,0.2,0,0.3,0.425,-0.125,TRUE,2,2
29,004,10,1,1,0,0,0.2,1,0.1,0.1,0,0.1,0.4,-0.30000000000000004,TRUE,1,1
30,004,10,1,2,0,0,1,1,0.4,0,0,0,0.6,-0.6,TRUE,2,2
31,004,10,1,5,0,0,0.8,0.9,0.1,0,0,0,0.45,-0.45,TRUE,5,5
32,004,10,1,1,0,0,0.2,1,0.2,0.3,0,0,0.425,-0.425,FALSE,3,1
33,004,10,1,5,0,0,0.6,1,0,0,0,0,0.5333333333333333,-0.5333333333333333,TRUE,5,5
35,004,10,1,1,0,0,0.5,1,0,0,0,0.25,0.3333333333333333,-0.08333333333333331,FALSE,5,1
36,004,10,1,3,0,0,0.9,1,0.4,0.2,0,0.5333333333333333,0.45,0.08333333333333331,TRUE,3,3
38,004,10,1,4,0,0,0.7,1,0.3,0.2,0,0.25,0.5666666666666667,-0.31666666666666665,TRUE,4,4
40,004,10,1,2,0,0,0.9,1,0.3,0,0,0.45,0.43333333333333335,0.016666666666666663,FALSE,5,2
42,004,10,1,3,0,0,0.3,1,0,0,0,0.3,0.25,0.04999999999999999,FALSE,5,3
43,004,10,1,4,0,0,0.5,1,0,0.5,0,0.25,0.5,-0.25,TRUE,4,4
44,004,10,1,2,0,0,0.9,1,0.4,0.1,0,0.2,0.6666666666666666,-0.4666666666666666,TRUE,2,2
45,004,10,1,4,0,0,0.8,1,0,0,0,0.5,0.26666666666666666,0.23333333333333334,TRUE,4,4
46,004,10,1,3,0,0,1,1,0.3,0.1,0,1,0.35,0.65,FALSE,5,3
47,004,10,1,3,0,0,1,1,0.3,0.2,0,0.5,0.5,0,TRUE,3,3
48,004,10,1,2,0,0,1,1,0,0,0,0,0.5,-0.5,TRUE,2,2
49,004,10,1,5,0,0,1,1,0,0,0,0,0.6666666666666666,-0.6666666666666666,TRUE,5,5
50,004,10,1,2,0,0,1,1,0,0,0,0.6666666666666666,0,0.6666666666666666,TRUE,2,2
51,004,10,1,1,0,0,0.1,0.9,0,0.6,0,0.1,0.375,-0.275,FALSE,5,1
52,004,10,1,4,0,0,0.1,1,0.1,0,0,0.1,0.275,-0.17500000000000002,TRUE,4,4
54,004,10,1,4,0,0,0.2,1,0.1,0.7,0,0.6,0.1,0.5,FALSE,5,4
55,004,10,1,5,0,0,1,0.8,0.2,0,0,0.45,0.2,0.25,TRUE,5,5
56,004,10,0,5,0,5,0.8,0.3,0,0,0,0,0.3666666666666667,-0.3666666666666667,TRUE,0,0
57,004,10,1,3,0,0,0.5,1,0.4,0.3,0,0.35,0.5,-0.15000000000000002,TRUE,3,3
26,005,10,1,1,0,0,0.8,1,0,0.1,0,NA,0.38,NA,TRUE,1,1
27,005,10,1,2,0,0,0.5,1,0.1,0.2,0,0.1,0.425,-0.32499999999999996,TRUE,2,2
29,005,10,1,1,0,0,0.1,1,0,0,0.1,0,0.4,-0.4,TRUE,1,1
30,005,10,1,2,0,0,1,1,0.4,0,0,0,0.6,-0.6,TRUE,2,2
31,005,10,1,5,0,0,0.9,1,0,0.3,0,0.3,0.475,-0.175,TRUE,5,5
32,005,10,1,1,0,0,0.5,1,0,0,0,0,0.375,-0.375,FALSE,3,1
33,005,10,1,5,0,0,0.6,0.9,0.1,0,0,0.05,0.5,-0.45,TRUE,5,5
35,005,10,1,1,0,0,0,0.9,0.2,0,0,0,0.3666666666666667,-0.3666666666666667,FALSE,5,1
36,005,10,1,3,0,0,0.6,1,0,0,0,0.3333333333333333,0.3,0.033333333333333326,TRUE,3,3
38,005,10,1,4,0,0,1,1,0.1,0,0,0.05,0.6666666666666666,-0.6166666666666666,TRUE,4,4
40,005,10,1,2,0,0,0.9,0.9,0.4,0,0,0.45,0.43333333333333335,0.016666666666666663,FALSE,5,2
42,005,10,1,3,0,0,0.9,1,0.2,0,0,0.9,0.3,0.6000000000000001,FALSE,5,3
43,005,10,1,4,0,0,0.3,1,0,0.6,0,0.3,0.43333333333333335,-0.13333333333333336,TRUE,4,4
44,005,10,1,2,0,0,1,1,0.2,0,0,0.1,0.6666666666666666,-0.5666666666666667,TRUE,2,2
45,005,10,1,4,0,0,0.8,1,0.2,0,0,0.6,0.26666666666666666,0.3333333333333333,TRUE,4,4
46,005,10,1,3,0,0,0.9,1,0.1,0.1,0,0.9,0.3,0.6000000000000001,FALSE,5,3
47,005,10,1,3,0,0,0.7,0.9,0,0,0,0.3,0.35,-0.04999999999999999,TRUE,3,3
48,005,10,1,2,0,0,0.7,1,0,0.4,0,0,0.525,-0.525,TRUE,2,2
49,005,10,1,5,0,0,1,0.9,0,0,0,0,0.6333333333333333,-0.6333333333333333,TRUE,5,5
50,005,10,1,2,0,0,0.9,1,0,0,0,0.6333333333333333,0,0.6333333333333333,TRUE,2,2
51,005,10,1,1,0,0,0,0.9,0,0.9,0,0,0.45,-0.45,FALSE,5,1
52,005,10,1,4,0,0,0.2,1,0.2,0.1,0,0.2,0.325,-0.125,TRUE,4,4
54,005,10,1,4,0,0,0,1,0.1,0.7,0,0.6,0,0.6,FALSE,5,4
55,005,10,1,5,0,0,0.9,1,0.1,0.1,0,0.5,0.1,0.4,TRUE,5,5
56,005,10,0,5,0,5,0.9,0.3,0.2,0,0,0.1,0.4,-0.30000000000000004,TRUE,0,0
57,005,10,1,3,0,0,0.7,0.9,0.1,0.2,0,0.15000000000000002,0.5333333333333333,-0.3833333333333333,TRUE,3,3
26,006,10,1,1,0,0,0.8,1,0.3,0.1,0,NA,0.44,NA,TRUE,1,1
27,006,10,1,2,0,0,0.6,1,0.3,0.1,0,0.3,0.425,-0.125,TRUE,2,2
29,006,10,1,1,0,0,0.8,1,0.2,0,0,0.1,0.6,-0.5,TRUE,1,1
30,006,10,1,2,0,0,0.9,1,0.1,0.2,0,0.2,0.5,-0.3,TRUE,2,2
31,006,10,1,5,0,0,1,0.9,0.3,0,0,0,0.55,-0.55,TRUE,5,5
32,006,10,1,1,0,0,1,1,0.1,0,0,0,0.525,-0.525,FALSE,3,1
33,006,10,1,5,0,0,0.9,1,0.3,0,0,0.15,0.6333333333333333,-0.4833333333333333,TRUE,5,5
35,006,10,1,1,0,0,0.9,1,0.4,0.3,0,0.45,0.5666666666666667,-0.11666666666666664,FALSE,5,1
36,006,10,1,3,0,0,0.6,1,0,0.6,0,0.5333333333333333,0.3,0.23333333333333334,TRUE,3,3
38,006,10,1,4,0,0,1,1,0.2,0,0,0.1,0.6666666666666666,-0.5666666666666667,TRUE,4,4
40,006,10,1,2,0,0,0.9,1,0.1,0.1,0,0.5,0.3666666666666667,0.1333333333333333,FALSE,5,2
42,006,10,1,3,0,0,0.9,1,0.6,0.2,0,0.9,0.45,0.45,FALSE,5,3
43,006,10,1,4,0,0,0.8,1,0.2,0.2,0,0.2,0.6,-0.39999999999999997,TRUE,4,4
44,006,10,1,2,0,0,0.7,1,0.2,0.2,0,0.1,0.6333333333333333,-0.5333333333333333,TRUE,2,2
45,006,10,1,4,0,0,0.5,1,0,0.3,0,0.5,0.26666666666666666,0.23333333333333334,TRUE,4,4
46,006,10,1,3,0,0,0.7,1,0.2,0.3,0,0.7,0.375,0.32499999999999996,FALSE,5,3
47,006,10,1,3,0,0,0.7,1,0.3,0.1,0,0.4666666666666667,0.35,0.1166666666666667,TRUE,3,3
48,006,10,1,2,0,0,0.6,1,0,0.4,0,0,0.5,-0.5,TRUE,2,2
49,006,10,1,5,0,0,1,1,0.7,0,0,0.35,0.6666666666666666,-0.31666666666666665,TRUE,5,5
50,006,10,1,2,0,0,0.8,1,0.2,0.3,0,0.6666666666666667,0.15,0.5166666666666667,TRUE,2,2
51,006,10,1,1,0,0,0.9,1,0.3,0,0,0.9,0.325,0.575,FALSE,5,1
52,006,10,1,4,0,0,0.7,1,0.3,0.2,0,0.3,0.475,-0.175,TRUE,4,4
54,006,10,1,4,0,0,0.9,0.9,0.5,0,0,0.4666666666666667,0.45,0.016666666666666663,FALSE,5,4
55,006,10,1,5,0,0,1,1,0.6,0,0,0.5,0.6,-0.09999999999999998,TRUE,5,5
56,006,10,0,3.6,1.8973665961010275,3.6,0.9,0.8,0.3,0,0,0.15,0.5666666666666667,-0.41666666666666663,TRUE,0,0
57,006,10,1,3,0,0,0.5,1,0,0.4,0,0.2,0.5,-0.3,TRUE,3,3
26,007,10,1,1,0,0,0.6,1,0.2,0.1,0,NA,0.38,NA,TRUE,1,1
27,007,10,1,2,0,0,0.4,1,0.1,0,0,0.1,0.35,-0.24999999999999997,TRUE,2,2
29,007,10,1,1,0,0,0,1,0.2,0.3,0,0.25,0.3333333333333333,-0.08333333333333331,TRUE,1,1
30,007,10,1,2,0,0,1,1,0.3,0,0,0,0.575,-0.575,TRUE,2,2
31,007,10,1,5,0,0,1,1,0.1,0.2,0,0.2,0.525,-0.325,TRUE,5,5
32,007,10,1,1,0,0,0.4,1,0.2,0.2,0,0,0.45,-0.45,FALSE,3,1
33,007,10,1,5,0,0,0.2,1,0,0.1,0,0.05,0.4,-0.35000000000000003,TRUE,5,5
35,007,10,1,1,0,0,0.6,1,0.4,0,0,0.3,0.4666666666666667,-0.16666666666666669,FALSE,5,1
36,007,10,1,3,0,0,0.4,1,0,0.6,0,0.5333333333333333,0.2,0.3333333333333333,TRUE,3,3
38,007,10,1,4,0,0,0.2,1,0.2,0.3,0,0.25,0.4,-0.15000000000000002,TRUE,4,4
40,007,10,1,2,0,0,1,1,0.4,0,0,0.5,0.4666666666666667,0.033333333333333326,FALSE,5,2
42,007,10,1,3,0,0,0.6,1,0.2,0.5,0,0.6,0.425,0.175,FALSE,5,3
43,007,10,1,4,0,0,0.4,1,0.1,0.3,0,0.2,0.4666666666666667,-0.26666666666666666,TRUE,4,4
44,007,10,1,2,0,0,0.7,1,0.2,0.1,0,0.1,0.6,-0.5,TRUE,2,2
45,007,10,1,4,0,0,0.4,1,0,0.6,0,0.5,0.3333333333333333,0.16666666666666669,TRUE,4,4
46,007,10,1,3,0,0,0.7,1,0.1,0.5,0,0.7,0.4,0.29999999999999993,FALSE,5,3
47,007,10,1,3,0,0,0.4,1,0.2,0.6,0,0.6,0.2,0.39999999999999997,TRUE,3,3
48,007,10,1,2,0,0,0.2,1,0,0.7,0,0,0.475,-0.475,TRUE,2,2
49,007,10,1,5,0,0,1,1,0.1,0.1,0,0.1,0.6666666666666666,-0.5666666666666667,TRUE,5,5
50,007,10,1,2,0,0,0.6,1,0.1,0.3,0,0.5666666666666667,0.15,0.41666666666666663,TRUE,2,2
51,007,10,1,1,0,0,0.1,0.9,0.1,0.9,0,0.1,0.47500000000000003,-0.375,FALSE,5,1
52,007,10,1,4,0,0,0.4,1,0.1,0.6,0,0.1,0.5,-0.4,TRUE,4,4
54,007,10,1,4,0,0,0,1,0.2,0.7,0,0.6333333333333333,0,0.6333333333333333,FALSE,5,4
55,007,10,1,5,0,0,0.8,1,0.2,0.2,0,0.5,0.2,0.3,TRUE,5,5
56,007,10,0,5.2,0.4216370213557839,5.2,0.9,0.3,0.1,0,0,0.05,0.4,-0.35000000000000003,TRUE,0,0
57,007,10,1,3,0,0,0.2,1,0,0.8,0,0.4,0.4,0,TRUE,3,3
26,008,10,0.1,4.6,1.2649110640673518,3.6,1,0.1,0,0,0,NA,0.22,NA,TRUE,1,1
27,008,10,0.6,3.2,1.5491933384829668,1.2,0.9,0.6,0.4,0,0,0.4,0.375,0.025000000000000022,TRUE,2,2
29,008,10,0.3,3.8,1.9321835661585918,2.8,1,0.6,0,0,0,0,0.5333333333333333,-0.5333333333333333,TRUE,1,1
30,008,10,0.9,2.3,0.9486832980505138,0.3,0.7,0.8,0,0,0,0,0.375,-0.375,TRUE,2,2
31,008,10,1,5,0,0,1,0.1,0,0,0,0,0.275,-0.275,TRUE,5,5
32,008,10,0.2,4.2,1.6865480854231356,3.2,1,0.7,0,0,0,0,0.425,-0.425,FALSE,3,1
33,008,10,1,5,0,0,1,0.5,0.1,0,0,0.05,0.5,-0.45,TRUE,5,5
35,008,10,0.2,4.2,1.6865480854231356,3.2,1,0.2,0.1,0,0,0.5,0.1,0.4,FALSE,5,1
36,008,10,0.5,4,1.0540925533894598,1,0.9,0.5,0.2,0,0,0.23333333333333334,0.45,-0.21666666666666667,TRUE,3,3
38,008,10,0.7,4.3,0.48304589153964794,0.3,0.7,0.6,0.1,0,0,0.05,0.4333333333333333,-0.3833333333333333,TRUE,4,4
40,008,10,0.9,2.3,0.9486832980505138,0.3,1,0.9,0.1,0,0,0.5,0.33333333333333337,0.16666666666666663,FALSE,5,2
42,008,10,0.8,3.4,0.8432740427115678,0.4,0.8,0.8,0.2,0,0,0.8,0.25,0.55,FALSE,5,3
43,008,10,0.8,4.2,0.4216370213557839,0.2,0.9,0.7,0.3,0,0,0.15,0.5333333333333333,-0.3833333333333333,TRUE,4,4
44,008,10,1,2,0,0,0.7,0.9,0.2,0,0,0.1,0.5333333333333333,-0.43333333333333335,TRUE,2,2
45,008,10,0.8,4.2,0.4216370213557839,0.2,1,0.5,0.1,0,0,0.3,0.3333333333333333,-0.033333333333333326,TRUE,4,4
46,008,10,0.6,3.8,1.0327955589886444,0.8,0.9,0.8,0.3,0,0,0.9,0.275,0.625,FALSE,5,3
47,008,10,0.8,3.4,0.8432740427115678,0.4,1,0.7,0,0,0,0.2333333333333333,0.5,-0.2666666666666667,TRUE,3,3
48,008,10,0.8,2.6,1.2649110640673518,0.6,0.9,0.8,0.1,0,0,0.1,0.42500000000000004,-0.32500000000000007,TRUE,2,2
49,008,10,1,5,0,0,1,0.3,0.1,0,0,0.05,0.43333333333333335,-0.38333333333333336,TRUE,5,5
50,008,10,0.8,2.6,1.2649110640673518,0.6,0.9,0.7,0.2,0,0,0.6,0,0.6,TRUE,2,2
51,008,10,0.4,3.4,2.065591117977289,2.4,0.9,0.5,0.1,0,0,0.9,0.15,0.75,FALSE,5,1
52,008,10,0.7,4.3,0.48304589153964794,0.3,1,0.9,0.1,0,0,0.1,0.475,-0.375,TRUE,4,4
54,008,10,0.5,4.5,0.5270462766947299,0.5,1,0.5,0.1,0,0,0.2,0.5,-0.3,FALSE,5,4
55,008,10,1,5,0,0,1,0.2,0.1,0,0,0.3,0.1,0.19999999999999998,TRUE,5,5
56,008,10,0,5,0,5,0.7,0,0.5,0,0,0.25,0.2333333333333333,0.01666666666666669,TRUE,0,0
57,008,10,0.7,3.6,0.9660917830792959,0.6,0.8,0.6,0.3,0,0,0.15,0.4666666666666667,-0.31666666666666665,TRUE,3,3
