agent_id,experiment_id,n_runs,n_honest,honesty_rate
1,10003,5,5,1.0
2,10003,5,5,1.0
3,10003,5,5,1.0
4,10003,5,5,1.0
5,10003,5,5,1.0
6,10003,5,5,1.0
7,10003,5,5,1.0
8,10003,5,5,1.0
9,10003,5,5,1.0
10,10003,5,5,1.0
11,10003,5,5,1.0
12,10003,5,5,1.0
13,10003,5,5,1.0
14,10003,5,5,1.0
15,10003,5,5,1.0
16,10003,5,5,1.0
17,10003,5,5,1.0
18,10003,5,5,1.0
19,10003,5,5,1.0
20,10003,5,5,1.0
21,10003,5,5,1.0
22,10003,5,5,1.0
23,10003,5,5,1.0
24,10003,5,5,1.0
25,10003,5,5,1.0
26,10003,5,5,1.0
27,10003,5,5,1.0
28,10003,5,5,1.0
29,10003,5,5,1.0
30,10003,5,5,1.0
31,10003,5,5,1.0
32,10003,5,5,1.0
33,10003,5,5,1.0
34,10003,5,5,1.0
35,10003,5,5,1.0
36,10003,5,5,1.0
37,10003,5,5,1.0
38,10003,5,5,1.0
39,10003,5,5,1.0
40,10003,5,5,1.0
41,10003,5,5,1.0
42,10003,5,5,1.0
43,10003,5,5,1.0
44,10003,5,5,1.0
45,10003,5,5,1.0
46,10003,5,5,1.0
47,10003,5,5,1.0
48,10003,5,5,1.0
49,10003,5,5,1.0
50,10003,5,5,1.0
51,10003,5,5,1.0
52,10003,5,5,1.0
53,10003,5,5,1.0
54,10003,5,5,1.0
55,10003,5,5,1.0
56,10003,5,5,1.0
57,10003,5,5,1.0
58,10003,5,5,1.0
59,10003,5,5,1.0
60,10003,5,5,1.0
61,10003,5,5,1.0
62,10003,5,5,1.0
63,10003,5,5,1.0
64,10003,5,5,1.0
65,10003,5,5,1.0
66,10003,5,5,1.0
67,10003,5,5,1.0
68,10003,5,5,1.0
69,10003,5,5,1.0
70,10003,5,5,1.0
71,10003,5,5,1.0
72,10003,5,5,1.0
73,10003,5,5,1.0
74,10003,5,5,1.0
75,10003,5,5,1.0
76,10003,5,5,1.0
77,10003,5,5,1.0
78,10003,5,5,1.0
79,10003,5,5,1.0
80,10003,5,5,1.0
81,10003,5,5,1.0
82,10003,5,5,1.0
83,10003,5,5,1.0
84,10003,5,5,1.0
85,10003,5,5,1.0
86,10003,5,5,1.0
87,10003,5,5,1.0
88,10003,5,5,1.0
89,10003,5,5,1.0
90,10003,5,5,1.0
91,10003,5,5,1.0
92,10003,5,5,1.0
93,10003,5,5,1.0
94,10003,5,5,1.0
95,10003,5,5,1.0
96,10003,5,5,1.0
97,10003,5,5,1.0
98,10003,5,5,1.0
99,10003,5,5,1.0
100,10003,5,5,1.0
101,10003,5,5,1.0
102,10003,5,5,1.0
103,10003,5,5,1.0
104,10003,5,5,1.0
105,10003,5,5,1.0
106,10003,5,4,0.8
107,10003,5,5,1.0
108,10003,5,5,1.0
109,10003,5,5,1.0
110,10003,5,5,1.0
111,10003,5,5,1.0
112,10003,5,5,1.0
113,10003,5,5,1.0
114,10003,5,5,1.0
115,10003,5,5,1.0
116,10003,5,5,1.0
117,10003,5,5,1.0
118,10003,5,4,0.8
119,10003,5,5,1.0
120,10003,5,5,1.0
121,10003,5,5,1.0
122,10003,5,5,1.0
123,10003,5,5,1.0
124,10003,5,5,1.0
125,10003,5,5,1.0
126,10003,5,5,1.0
127,10003,5,5,1.0
128,10003,5,5,1.0
129,10003,5,5,1.0
130,10003,5,5,1.0
131,10003,5,5,1.0
132,10003,5,5,1.0
133,10003,5,5,1.0
134,10003,5,5,1.0
135,10003,5,5,1.0
136,10003,5,5,1.0
137,10003,5,5,1.0
138,10003,5,5,1.0
139,10003,5,5,1.0
140,10003,5,5,1.0
141,10003,5,5,1.0
142,10003,5,5,1.0
143,10003,5,5,1.0
144,10003,5,5,1.0
145,10003,5,5,1.0
146,10003,5,5,1.0
147,10003,5,5,1.0
148,10003,5,4,0.8
149,10003,5,5,1.0
150,10003,5,5,1.0
151,10003,5,5,1.0
152,10003,5,5,1.0
153,10003,5,5,1.0
154,10003,5,5,1.0
155,10003,5,5,1.0
156,10003,5,5,1.0
157,10003,5,5,1.0
158,10003,5,5,1.0
159,10003,5,5,1.0
160,10003,5,5,1.0
161,10003,5,5,1.0
162,10003,5,5,1.0
163,10003,5,5,1.0
164,10003,5,5,1.0
165,10003,5,5,1.0
166,10003,5,5,1.0
167,10003,5,5,1.0
168,10003,5,5,1.0
169,10003,5,5,1.0
170,10003,5,5,1.0
171,10003,5,5,1.0
172,10003,5,5,1.0
173,10003,5,5,1.0
174,10003,5,5,1.0
175,10003,5,5,1.0
176,10003,5,5,1.0
177,10003,5,4,0.8
178,10003,5,5,1.0
179,10003,5,5,1.0
180,10003,5,5,1.0
181,10003,5,5,1.0
182,10003,5,5,1.0
183,10003,5,5,1.0
184,10003,5,5,1.0
185,10003,5,5,1.0
186,10003,5,5,1.0
187,10003,5,5,1.0
188,10003,5,5,1.0
189,10003,5,5,1.0
190,10003,5,5,1.0
191,10003,5,5,1.0
192,10003,5,5,1.0
193,10003,5,5,1.0
194,10003,5,5,1.0
195,10003,5,5,1.0
196,10003,5,5,1.0
197,10003,5,5,1.0
198,10003,5,5,1.0
199,10003,5,5,1.0
200,10003,5,5,1.0
201,10003,5,5,1.0
202,10003,5,5,1.0
203,10003,5,5,1.0
204,10003,5,5,1.0
205,10003,5,5,1.0
206,10003,5,5,1.0
207,10003,5,5,1.0
208,10003,5,5,1.0
209,10003,5,5,1.0
210,10003,5,5,1.0
211,10003,5,5,1.0
212,10003,5,5,1.0
213,10003,5,5,1.0
214,10003,5,5,1.0
215,10003,5,5,1.0
216,10003,5,5,1.0
217,10003,5,5,1.0
218,10003,5,5,1.0
219,10003,5,5,1.0
220,10003,5,5,1.0
221,10003,5,5,1.0
222,10003,5,5,1.0
223,10003,5,5,1.0
224,10003,5,5,1.0
225,10003,5,5,1.0
226,10003,5,5,1.0
227,10003,5,5,1.0
228,10003,5,5,1.0
229,10003,5,5,1.0
230,10003,5,5,1.0
231,10003,5,5,1.0
232,10003,5,5,1.0
233,10003,5,5,1.0
234,10003,5,5,1.0
235,10003,5,5,1.0
236,10003,5,5,1.0
237,10003,5,5,1.0
238,10003,5,5,1.0
239,10003,5,5,1.0
240,10003,5,5,1.0
241,10003,5,5,1.0
242,10003,5,5,1.0
243,10003,5,5,1.0
244,10003,5,5,1.0
245,10003,5,5,1.0
246,10003,5,5,1.0
247,10003,5,5,1.0
248,10003,5,5,1.0
249,10003,5,5,1.0
250,10003,5,5,1.0
251,10003,5,5,1.0
252,10003,5,5,1.0
253,10003,5,5,1.0
254,10003,5,5,1.0
255,10003,5,5,1.0
256,10003,5,5,1.0
257,10003,5,5,1.0
258,10003,5,5,1.0
259,10003,5,5,1.0
260,10003,5,5,1.0
261,10003,5,5,1.0
262,10003,5,5,1.0
263,10003,5,5,1.0
264,10003,5,5,1.0
265,10003,5,5,1.0
266,10003,5,5,1.0
267,10003,5,5,1.0
268,10003,5,5,1.0
269,10003,5,5,1.0
270,10003,5,5,1.0
271,10003,5,5,1.0
272,10003,5,5,1.0
273,10003,5,5,1.0
274,10003,5,5,1.0
275,10003,5,5,1.0
276,10003,5,5,1.0
277,10003,5,5,1.0
278,10003,5,5,1.0
279,10003,5,5,1.0
280,10003,5,5,1.0
281,10003,5,5,1.0
282,10003,5,5,1.0
283,10003,5,5,1.0
284,10003,5,5,1.0
285,10003,5,5,1.0
286,10003,5,5,1.0
287,10003,5,5,1.0
288,10003,5,5,1.0
289,10003,5,5,1.0
290,10003,5,5,1.0
291,10003,5,5,1.0
292,10003,5,5,1.0
293,10003,5,5,1.0
294,10003,5,5,1.0
295,10003,5,5,1.0
296,10003,5,5,1.0
297,10003,5,5,1.0
298,10003,5,5,1.0
299,10003,5,5,1.0
300,10003,5,5,1.0
301,10003,5,5,1.0
302,10003,5,5,1.0
303,10003,5,5,1.0
304,10003,5,5,1.0
305,10003,5,5,1.0
306,10003,5,5,1.0
307,10003,5,5,1.0
308,10003,5,5,1.0
309,10003,5,5,1.0
310,10003,5,5,1.0
311,10003,5,5,1.0
312,10003,5,5,1.0
313,10003,5,5,1.0
314,10003,5,5,1.0
315,10003,5,5,1.0
316,10003,5,5,1.0
317,10003,5,5,1.0
318,10003,5,5,1.0
319,10003,5,5,1.0
320,10003,5,5,1.0
321,10003,5,5,1.0
322,10003,5,5,1.0
323,10003,5,5,1.0
324,10003,5,5,1.0
325,10003,5,5,1.0
326,10003,5,5,1.0
327,10003,5,5,1.0
328,10003,5,5,1.0
329,10003,5,5,1.0
330,10003,5,5,1.0
331,10003,5,5,1.0
332,10003,5,5,1.0
333,10003,5,5,1.0
334,10003,5,5,1.0
335,10003,5,5,1.0
336,10003,5,5,1.0
337,10003,5,5,1.0
338,10003,5,5,1.0
339,10003,5,5,1.0
340,10003,5,5,1.0
341,10003,5,5,1.0
342,10003,5,5,1.0
343,10003,5,5,1.0
344,10003,5,5,1.0
345,10003,5,4,0.8
346,10003,5,5,1.0
347,10003,5,5,1.0
348,10003,5,5,1.0
349,10003,5,5,1.0
350,10003,5,5,1.0
351,10003,5,5,1.0
352,10003,5,5,1.0
353,10003,5,5,1.0
354,10003,5,5,1.0
355,10003,5,5,1.0
356,10003,5,5,1.0
357,10003,5,5,1.0
358,10003,5,5,1.0
359,10003,5,5,1.0
360,10003,5,5,1.0
361,10003,5,5,1.0
362,10003,5,5,1.0
363,10003,5,5,1.0
364,10003,5,5,1.0
365,10003,5,5,1.0
366,10003,5,5,1.0
367,10003,5,5,1.0
368,10003,5,5,1.0
369,10003,5,5,1.0
370,10003,5,5,1.0
371,10003,5,5,1.0
372,10003,5,5,1.0
373,10003,5,5,1.0
374,10003,5,5,1.0
375,10003,5,5,1.0
376,10003,5,5,1.0
377,10003,5,5,1.0
378,10003,5,5,1.0
379,10003,5,5,1.0
380,10003,5,5,1.0
381,10003,5,5,1.0
382,10003,5,5,1.0
383,10003,5,5,1.0
384,10003,5,5,1.0
385,10003,5,5,1.0
386,10003,5,5,1.0
387,10003,5,5,1.0
388,10003,5,5,1.0
389,10003,5,5,1.0
390,10003,5,5,1.0
391,10003,5,5,1.0
392,10003,5,5,1.0
393,10003,5,5,1.0
394,10003,5,5,1.0
395,10003,5,4,0.8
396,10003,5,5,1.0
397,10003,5,5,1.0
398,10003,5,5,1.0
399,10003,5,5,1.0
400,10003,5,5,1.0
401,10003,5,5,1.0
402,10003,5,5,1.0
403,10003,5,5,1.0
404,10003,5,5,1.0
405,10003,5,5,1.0
406,10003,5,5,1.0
407,10003,5,5,1.0
408,10003,5,5,1.0
409,10003,5,5,1.0
410,10003,5,5,1.0
411,10003,5,5,1.0
412,10003,5,5,1.0
413,10003,5,5,1.0
414,10003,5,5,1.0
415,10003,5,5,1.0
416,10003,5,5,1.0
417,10003,5,5,1.0
418,10003,5,5,1.0
419,10003,5,5,1.0
420,10003,5,5,1.0
421,10003,5,5,1.0
422,10003,5,5,1.0
423,10003,5,5,1.0
424,10003,5,5,1.0
425,10003,5,5,1.0
426,10003,5,5,1.0
427,10003,5,5,1.0
428,10003,5,5,1.0
429,10003,5,5,1.0
430,10003,5,5,1.0
431,10003,5,5,1.0
432,10003,5,5,1.0
433,10003,5,5,1.0
434,10003,5,5,1.0
435,10003,5,5,1.0
436,10003,5,5,1.0
437,10003,5,5,1.0
438,10003,5,5,1.0
439,10003,5,5,1.0
440,10003,5,5,1.0
441,10003,5,5,1.0
442,10003,5,5,1.0
443,10003,5,5,1.0
444,10003,5,5,1.0
445,10003,5,5,1.0
446,10003,5,5,1.0
447,10003,5,5,1.0
448,10003,5,5,1.0
449,10003,5,5,1.0
450,10003,5,5,1.0
451,10003,5,5,1.0
452,10003,5,5,1.0
453,10003,5,5,1.0
454,10003,5,5,1.0
455,10003,5,5,1.0
456,10003,5,5,1.0
457,10003,5,5,1.0
458,10003,5,5,1.0
459,10003,5,5,1.0
460,10003,5,5,1.0
461,10003,5,5,1.0
462,10003,5,5,1.0
463,10003,5,5,1.0
464,10003,5,5,1.0
465,10003,5,5,1.0
466,10003,5,5,1.0
467,10003,5,5,1.0
468,10003,5,5,1.0
469,10003,5,5,1.0
470,10003,5,5,1.0
471,10003,5,5,1.0
472,10003,5,5,1.0
473,10003,5,5,1.0
474,10003,5,5,1.0
475,10003,5,5,1.0
476,10003,5,5,1.0
477,10003,5,5,1.0
478,10003,5,5,1.0
479,10003,5,5,1.0
480,10003,5,5,1.0
481,10003,5,5,1.0
482,10003,5,5,1.0
483,10003,5,5,1.0
484,10003,5,5,1.0
485,10003,5,5,1.0
486,10003,5,5,1.0
487,10003,5,5,1.0
488,10003,5,5,1.0
489,10003,5,5,1.0
490,10003,5,5,1.0
491,10003,5,5,1.0
492,10003,5,5,1.0
493,10003,5,5,1.0
494,10003,5,5,1.0
495,10003,5,5,1.0
496,10003,5,5,1.0
497,10003,5,5,1.0
498,10003,5,5,1.0
499,10003,5,5,1.0
500,10003,5,5,1.0
501,10003,5,5,1.0
502,10003,5,5,1.0
503,10003,5,5,1.0
504,10003,5,5,1.0
505,10003,5,5,1.0
506,10003,5,5,1.0
507,10003,5,5,1.0
508,10003,5,5,1.0
509,10003,5,5,1.0
510,10003,5,5,1.0
511,10003,5,5,1.0
512,10003,5,5,1.0
513,10003,5,5,1.0
514,10003,5,5,1.0
515,10003,5,5,1.0
516,10003,5,5,1.0
517,10003,5,5,1.0
518,10003,5,5,1.0
519,10003,5,5,1.0
520,10003,5,5,1.0
521,10003,5,5,1.0
522,10003,5,5,1.0
523,10003,5,5,1.0
524,10003,5,5,1.0
525,10003,5,5,1.0
526,10003,5,5,1.0
527,10003,5,5,1.0
528,10003,5,5,1.0
529,10003,5,5,1.0
530,10003,5,5,1.0
531,10003,5,5,1.0
532,10003,5,5,1.0
533,10003,5,5,1.0
534,10003,5,5,1.0
535,10003,5,5,1.0
536,10003,5,5,1.0
537,10003,5,5,1.0
538,10003,5,5,1.0
539,10003,5,5,1.0
540,10003,5,5,1.0
541,10003,5,5,1.0
542,10003,5,5,1.0
543,10003,5,5,1.0
544,10003,5,5,1.0
545,10003,5,5,1.0
546,10003,5,5,1.0
547,10003,5,5,1.0
548,10003,5,5,1.0
549,10003,5,5,1.0
550,10003,5,5,1.0
551,10003,5,5,1.0
552,10003,5,5,1.0
553,10003,5,5,1.0
554,10003,5,5,1.0
555,10003,5,5,1.0
556,10003,5,5,1.0
557,10003,5,5,1.0
558,10003,5,5,1.0
559,10003,5,5,1.0
560,10003,5,5,1.0
561,10003,5,5,1.0
562,10003,5,5,1.0
563,10003,5,5,1.0
564,10003,5,5,1.0
565,10003,5,5,1.0
566,10003,5,5,1.0
567,10003,5,5,1.0
568,10003,5,5,1.0
569,10003,5,5,1.0
570,10003,5,5,1.0
571,10003,5,5,1.0
572,10003,5,5,1.0
573,10003,5,5,1.0
574,10003,5,5,1.0
575,10003,5,5,1.0
576,10003,5,5,1.0
577,10003,5,5,1.0
578,10003,5,5,1.0
579,10003,5,5,1.0
580,10003,5,5,1.0
581,10003,5,5,1.0
582,10003,5,5,1.0
583,10003,5,5,1.0
584,10003,5,5,1.0
585,10003,5,5,1.0
586,10003,5,5,1.0
587,10003,5,5,1.0
588,10003,5,5,1.0
589,10003,5,5,1.0
590,10003,5,5,1.0
591,10003,5,5,1.0
592,10003,5,5,1.0
593,10003,5,4,0.8
594,10003,5,5,1.0
595,10003,5,5,1.0
596,10003,5,5,1.0
597,10003,5,5,1.0
598,10003,5,5,1.0
599,10003,5,5,1.0
600,10003,5,5,1.0
601,10003,5,5,1.0
602,10003,5,5,1.0
603,10003,5,5,1.0
604,10003,5,5,1.0
605,10003,5,5,1.0
606,10003,5,5,1.0
607,10003,5,5,1.0
608,10003,5,5,1.0
609,10003,5,5,1.0
610,10003,5,5,1.0
611,10003,5,5,1.0
612,10003,5,5,1.0
613,10003,5,5,1.0
614,10003,5,5,1.0
615,10003,5,5,1.0
616,10003,5,5,1.0
617,10003,5,5,1.0
618,10003,5,5,1.0
619,10003,5,5,1.0
620,10003,5,5,1.0
621,10003,5,5,1.0
622,10003,5,5,1.0
623,10003,5,5,1.0
624,10003,5,5,1.0
625,10003,5,5,1.0
626,10003,5,5,1.0
627,10003,5,5,1.0
628,10003,5,5,1.0
629,10003,5,5,1.0
630,10003,5,5,1.0
631,10003,5,5,1.0
632,10003,5,5,1.0
633,10003,5,5,1.0
634,10003,5,5,1.0
635,10003,5,5,1.0
636,10003,5,5,1.0
637,10003,5,5,1.0
638,10003,5,5,1.0
639,10003,5,5,1.0
640,10003,5,5,1.0
641,10003,5,5,1.0
642,10003,5,5,1.0
643,10003,5,5,1.0
644,10003,5,5,1.0
645,10003,5,5,1.0
646,10003,5,5,1.0
647,10003,5,5,1.0
648,10003,5,5,1.0
649,10003,5,5,1.0
650,10003,5,5,1.0
651,10003,5,5,1.0
652,10003,5,5,1.0
653,10003,5,5,1.0
654,10003,5,5,1.0
655,10003,5,5,1.0
656,10003,5,5,1.0
657,10003,5,5,1.0
658,10003,5,5,1.0
659,10003,5,5,1.0
660,10003,5,5,1.0
661,10003,5,5,1.0
662,10003,5,5,1.0
663,10003,5,4,0.8
664,10003,5,5,1.0
665,10003,5,5,1.0
666,10003,5,5,1.0
667,10003,5,5,1.0
668,10003,5,5,1.0
669,10003,5,5,1.0
670,10003,5,5,1.0
671,10003,5,5,1.0
672,10003,5,5,1.0
673,10003,5,5,1.0
674,10003,5,5,1.0
675,10003,5,5,1.0
676,10003,5,5,1.0
677,10003,5,5,1.0
678,10003,5,5,1.0
679,10003,5,5,1.0
680,10003,5,5,1.0
681,10003,5,5,1.0
682,10003,5,5,1.0
683,10003,5,5,1.0
684,10003,5,5,1.0
685,10003,5,5,1.0
686,10003,5,5,1.0
687,10003,5,5,1.0
688,10003,5,5,1.0
689,10003,5,5,1.0
690,10003,5,5,1.0
691,10003,5,5,1.0
692,10003,5,5,1.0
693,10003,5,5,1.0
694,10003,5,5,1.0
695,10003,5,5,1.0
696,10003,5,5,1.0
697,10003,5,5,1.0
698,10003,5,5,1.0
699,10003,5,5,1.0
700,10003,5,5,1.0
701,10003,5,5,1.0
702,10003,5,5,1.0
703,10003,5,5,1.0
704,10003,5,5,1.0
705,10003,5,5,1.0
706,10003,5,5,1.0
707,10003,5,5,1.0
708,10003,5,5,1.0
709,10003,5,5,1.0
710,10003,5,5,1.0
711,10003,5,5,1.0
712,10003,5,5,1.0
713,10003,5,5,1.0
714,10003,5,5,1.0
715,10003,5,5,1.0
716,10003,5,5,1.0
717,10003,5,5,1.0
718,10003,5,5,1.0
719,10003,5,5,1.0
720,10003,5,5,1.0
721,10003,5,5,1.0
722,10003,5,5,1.0
723,10003,5,5,1.0
724,10003,5,5,1.0
725,10003,5,5,1.0
726,10003,5,5,1.0
727,10003,5,5,1.0
728,10003,5,5,1.0
729,10003,5,5,1.0
730,10003,5,5,1.0
731,10003,5,5,1.0
732,10003,5,5,1.0
733,10003,5,5,1.0
734,10003,5,5,1.0
735,10003,5,5,1.0
736,10003,5,5,1.0
737,10003,5,5,1.0
738,10003,5,5,1.0
739,10003,5,5,1.0
740,10003,5,5,1.0
741,10003,5,5,1.0
742,10003,5,5,1.0
743,10003,5,5,1.0
744,10003,5,5,1.0
745,10003,5,5,1.0
746,10003,5,5,1.0
747,10003,5,5,1.0
748,10003,5,5,1.0
749,10003,5,5,1.0
750,10003,5,5,1.0
751,10003,5,5,1.0
752,10003,5,5,1.0
753,10003,5,5,1.0
754,10003,5,5,1.0
755,10003,5,5,1.0
756,10003,5,5,1.0
757,10003,5,5,1.0
758,10003,5,5,1.0
759,10003,5,5,1.0
760,10003,5,5,1.0
761,10003,5,5,1.0
762,10003,5,5,1.0
763,10003,5,5,1.0
764,10003,5,5,1.0
765,10003,5,5,1.0
766,10003,5,5,1.0
767,10003,5,5,1.0
768,10003,5,5,1.0
769,10003,5,5,1.0
770,10003,5,5,1.0
771,10003,5,5,1.0
772,10003,5,5,1.0
773,10003,5,5,1.0
774,10003,5,5,1.0
775,10003,5,5,1.0
776,10003,5,5,1.0
777,10003,5,5,1.0
778,10003,5,5,1.0
779,10003,5,5,1.0
780,10003,5,5,1.0
781,10003,5,5,1.0
782,10003,5,5,1.0
783,10003,5,4,0.8
784,10003,5,5,1.0
785,10003,5,5,1.0
786,10003,5,5,1.0
787,10003,5,5,1.0
788,10003,5,5,1.0
789,10003,5,5,1.0
790,10003,5,5,1.0
791,10003,5,5,1.0
792,10003,5,5,1.0
793,10003,5,5,1.0
794,10003,5,5,1.0
795,10003,5,5,1.0
796,10003,5,5,1.0
797,10003,5,5,1.0
798,10003,5,5,1.0
799,10003,5,5,1.0
800,10003,5,5,1.0
801,10003,5,5,1.0
802,10003,5,5,1.0
803,10003,5,5,1.0
804,10003,5,5,1.0
805,10003,5,5,1.0
806,10003,5,5,1.0
807,10003,5,5,1.0
808,10003,5,5,1.0
809,10003,5,5,1.0
810,10003,5,5,1.0
811,10003,5,5,1.0
812,10003,5,5,1.0
813,10003,5,5,1.0
814,10003,5,5,1.0
815,10003,5,5,1.0
816,10003,5,5,1.0
817,10003,5,5,1.0
818,10003,5,5,1.0
819,10003,5,5,1.0
820,10003,5,5,1.0
821,10003,5,5,1.0
822,10003,5,5,1.0
823,10003,5,5,1.0
824,10003,5,5,1.0
825,10003,5,5,1.0
826,10003,5,5,1.0
827,10003,5,5,1.0
828,10003,5,5,1.0
829,10003,5,5,1.0
830,10003,5,5,1.0
831,10003,5,5,1.0
832,10003,5,5,1.0
833,10003,5,5,1.0
834,10003,5,5,1.0
835,10003,5,5,1.0
836,10003,5,5,1.0
837,10003,5,5,1.0
838,10003,5,5,1.0
839,10003,5,5,1.0
840,10003,5,5,1.0
841,10003,5,5,1.0
842,10003,5,5,1.0
843,10003,5,5,1.0
844,10003,5,5,1.0
845,10003,5,5,1.0
846,10003,5,5,1.0
847,10003,5,5,1.0
848,10003,5,5,1.0
849,10003,5,5,1.0
850,10003,5,5,1.0
851,10003,5,5,1.0
852,10003,5,5,1.0
853,10003,5,5,1.0
854,10003,5,5,1.0
855,10003,5,5,1.0
856,10003,5,5,1.0
857,10003,5,5,1.0
858,10003,5,5,1.0
859,10003,5,5,1.0
860,10003,5,5,1.0
861,10003,5,5,1.0
862,10003,5,5,1.0
863,10003,5,5,1.0
864,10003,5,5,1.0
865,10003,5,5,1.0
866,10003,5,5,1.0
867,10003,5,5,1.0
868,10003,5,5,1.0
869,10003,5,5,1.0
870,10003,5,5,1.0
871,10003,5,5,1.0
872,10003,5,5,1.0
873,10003,5,5,1.0
874,10003,5,5,1.0
875,10003,5,5,1.0
876,10003,5,5,1.0
877,10003,5,5,1.0
878,10003,5,5,1.0
879,10003,5,5,1.0
880,10003,5,5,1.0
881,10003,5,5,1.0
882,10003,5,5,1.0
883,10003,5,5,1.0
884,10003,5,5,1.0
885,10003,5,5,1.0
886,10003,5,5,1.0
887,10003,5,5,1.0
888,10003,5,5,1.0
889,10003,5,5,1.0
890,10003,5,5,1.0
891,10003,5,5,1.0
892,10003,5,5,1.0
893,10003,5,5,1.0
894,10003,5,5,1.0
895,10003,5,5,1.0
896,10003,5,5,1.0
897,10003,5,4,0.8
898,10003,5,5,1.0
899,10003,5,5,1.0
900,10003,5,5,1.0
901,10003,5,5,1.0
902,10003,5,5,1.0
903,10003,5,5,1.0
904,10003,5,5,1.0
905,10003,5,5,1.0
906,10003,5,5,1.0
907,10003,5,5,1.0
908,10003,5,5,1.0
909,10003,5,5,1.0
910,10003,5,5,1.0
911,10003,5,5,1.0
912,10003,5,5,1.0
913,10003,5,5,1.0
914,10003,5,5,1.0
915,10003,5,5,1.0
916,10003,5,5,1.0
917,10003,5,5,1.0
918,10003,5,5,1.0
919,10003,5,5,1.0
920,10003,5,5,1.0
921,10003,5,5,1.0
922,10003,5,5,1.0
923,10003,5,5,1.0
924,10003,5,5,1.0
925,10003,5,5,1.0
926,10003,5,5,1.0
927,10003,5,5,1.0
928,10003,5,5,1.0
929,10003,5,5,1.0
930,10003,5,5,1.0
931,10003,5,5,1.0
